dz.13.rest.csv,dz.14.med.csv,dz.14.rest.csv
0.9624844157316106,0.9182047592233414,0.9286981771253427
